{"cameraMode":{"drawMode":0,"name":"Shaded","section":"Shading Mode"},"sceneLighting":false,"audioPlay":false,"sceneViewState":{"m_AlwaysRefresh":false,"showFog":false,"showSkybox":false,"showFlares":false,"showImageEffects":false,"showParticleSystems":false,"showVisualEffectGraphs":true,"m_FxEnabled":true},"in2DMode":false,"pivot":{"x":0.00000959634780883789,"y":0.84315425157547,"z":0.014843106269836426},"rotation":{"x":-0.06731723994016648,"y":0.9326379299163818,"z":-0.25541576743125918,"w":-0.2458050698041916},"size":1.3501298427581788,"orthographic":false}