{"cameraMode":{"drawMode":0,"name":"Shaded","section":"Shading Mode"},"sceneLighting":true,"audioPlay":false,"sceneViewState":{"m_AlwaysRefresh":false,"showFog":true,"showSkybox":true,"showFlares":true,"showImageEffects":true,"showParticleSystems":true,"showVisualEffectGraphs":true,"m_FxEnabled":true},"in2DMode":false,"pivot":{"x":-0.3993779420852661,"y":1.3330886363983155,"z":-0.29372239112854006},"rotation":{"x":-0.05194178223609924,"y":0.9450902342796326,"z":-0.26340365409851076,"w":-0.18636828660964967},"size":1.0363547801971436,"orthographic":false}